                  epoch,             train/loss,  metrics/accuracy_top1,  metrics/accuracy_top5,               val/loss,                 lr/pg0,                 lr/pg1,                 lr/pg2
                      1,                 1.0723,                0.57917,                      1,                 1.0301,             0.00023403,             0.00023403,             0.00023403
                      2,                0.88637,                0.70833,                      1,                0.88751,             0.00037857,             0.00037857,             0.00037857
                      3,                0.65166,                0.80833,                      1,                0.77393,             0.00042886,             0.00042886,             0.00042886
                      4,                0.47531,                0.87917,                      1,                0.72162,             0.00028988,             0.00028988,             0.00028988
                      5,                0.42351,                0.90833,                      1,                0.68982,             0.00014851,             0.00014851,             0.00014851
